phase,percent_one_cpu_core,sample_seconds
baseline-artwork,12.1723,15.016226
baseline-short-real-artwork,8.3488,15.017123
baseline-short-repeat,7.7167,20.021226
baseline-background,4.0655,15.016322
baseline-short-paused,0.42129999999999995,15.016233
baseline-paused,5.2718,15.015744
baseline-analog,34.6059,15.015633
baseline-ocean,23.3244,15.011040
deadline-short-warm,6.4112,15.015738
deadline-short-steady,5.729900000000001,15.016229
deadline-short-paused,0.5872999999999999,15.016022
deadline-background,4.9782,15.013596
deadline-marquee-only,3.8247000000000004,15.016212
deadline-long-combined,13.0184,15.015745
deadline-long-steady,8.7887,30.030948
deadline-ocean-active,25.3727,15.015484
deadline-ocean-paused,5.4374,15.016226
deadline-analog-active,36.2912,15.015615
resumed-analog-restored,34.0588,15.015645
resumed-collapsed,5.3721,5.005590
resumed-plain-warm,5.3326,15.016525
